Order_ID,Product,Category,Amount,City,Order_Date
1001,Laptop,Electronics,55000,Bangalore,2026-08-01
1002,Mobile,Electronics,25000,Chennai,2026-08-02
1003,Headphones,Accessories,3500,Hyderabad,2026-08-03
1004,Monitor,Electronics,18000,Bangalore,2026-08-04
1005,Keyboard,Accessories,2200,Pune,2026-08-05
1006,Mouse,Accessories,1200,Mumbai,2026-08-06
1007,Tablet,Electronics,32000,Delhi,2026-08-07
1008,Printer,Electronics,14500,Chennai,2026-08-08
1009,Chair,Furniture,8500,Bangalore,2026-08-09
1010,Desk,Furniture,12500,Hyderabad,2026-08-10
1011,Webcam,Accessories,4500,Pune,2026-08-11
1012,Speaker,Accessories,6000,Mumbai,2026-08-12
1013,Laptop Bag,Accessories,1800,Delhi,2026-08-13
1014,Smartwatch,Electronics,7500,Bangalore,2026-08-14
1015,USB Hub,Accessories,1500,Chennai,2026-08-15
